id	first_name	last_name	email	gender	ip_address
1	Beryle	Denzilow	bdenzilow0@buzzfeed.com	Female	206.112.181.203
2	Auberta	Fritschmann	afritschmann1@pcworld.com	Female	251.48.161.108
3	Harmon	Alyonov	halyonov2@hibu.com	Male	64.236.106.239
4	Aridatha	Camelli	acamelli3@uiuc.edu	Female	19.112.40.181
5	Mehetabel	Christensen	mchristensen4@wired.com	Female	76.12.113.218
6	Verge	Studdeard	vstuddeard5@live.com	Male	95.235.96.191
7	Katey	Snowding	ksnowding6@amazon.com	Female	246.69.102.127
8	Anthe	Applewhaite	aapplewhaite7@rambler.ru	Female	116.49.149.117
9	Joellen	Canter	jcanter8@utexas.edu	Female	188.167.126.242
10	Nettie	Simonian	nsimonian9@macromedia.com	Female	192.158.119.32
11	Miguel	Gartery	mgarterya@unicef.org	Male	98.80.60.120
12	Griffith	Huyge	ghuygeb@shareasale.com	Male	253.94.10.195
13	Damian	Belch	dbelchc@linkedin.com	Male	125.42.141.151
14	Cassondra	Edwicke	cedwicked@fastcompany.com	Female	111.148.2.142
15	Olav	McDool	omcdoole@i2i.jp	Male	28.56.117.157
16	Carling	Hobden	chobdenf@ucsd.edu	Genderfluid	25.106.218.205
17	Joshia	Fernely	jfernelyg@princeton.edu	Male	120.162.112.56
18	Pearce	Sanney	psanneyh@dedecms.com	Male	37.148.194.212
19	Kingsley	Willas	kwillasi@businessinsider.com	Male	75.165.161.11
20	Anna-diane	Charlin	acharlinj@mashable.com	Female	245.120.159.112
21	Mathias	Janssens	mjanssensk@cyberchimps.com	Male	65.101.56.70
22	Kirby	Wheatcroft	kwheatcroftl@china.com.cn	Female	255.129.1.216
23	Alexina	Edger	aedgerm@state.gov	Female	22.232.55.37
24	Eddy	Twigley	etwigleyn@weather.com	Male	100.190.224.146
25	Antonio	Hentzeler	ahentzelero@sciencedirect.com	Agender	15.4.85.147
26	Pat	Barfitt	pbarfittp@desdev.cn	Non-binary	74.129.74.37
27	Midge	Larkcum	mlarkcumq@cdc.gov	Female	250.234.123.219
28	Melantha	Sends	msendsr@123-reg.co.uk	Female	196.249.158.106
29	Gerardo	McNickle	gmcnickles@soundcloud.com	Male	109.250.224.208
30	Wang	Abela	wabelat@blinklist.com	Non-binary	80.63.241.182
31	Merle	Petracco	mpetraccou@google.de	Male	171.106.83.251
32	Traci	Lipprose	tlipprosev@pagesperso-orange.fr	Female	144.159.101.149
33	Karoly	Cowwell	kcowwellw@discovery.com	Genderqueer	221.132.95.239
34	Irita	Eudall	ieudallx@google.ru	Female	225.178.24.207
35	Lowell	Loynes	lloynesy@geocities.com	Male	1.2.182.77
36	Dante	Shelborne	dshelbornez@bravesites.com	Male	2.68.168.210
37	Denver	Jude	djude10@upenn.edu	Male	125.5.11.105
38	Baryram	Whitmell	bwhitmell11@squidoo.com	Male	210.217.100.107
39	Artur	Jewson	ajewson12@nature.com	Male	103.192.132.221
40	Mordy	Reynault	mreynault13@ft.com	Male	6.79.191.245
41	Doralia	Pidgin	dpidgin14@ucla.edu	Female	244.104.209.9
42	Wandis	Campkin	wcampkin15@reverbnation.com	Female	167.73.248.75
43	Michael	Court	mcourt16@t.co	Male	198.174.153.192
44	Nate	Pattie	npattie17@sciencedirect.com	Male	20.250.156.27
45	Matty	Gerauld	mgerauld18@cnn.com	Male	143.31.10.28
46	Ginger	Gisbourn	ggisbourn19@mozilla.org	Male	234.80.170.239
47	Riane	Sandys	rsandys1a@lulu.com	Female	190.111.121.114
48	Salaidh	Persse	spersse1b@so-net.ne.jp	Female	43.54.117.76
49	Curry	Frazier	cfrazier1c@alexa.com	Male	111.106.71.6
50	Prentiss	Tinson	ptinson1d@4shared.com	Genderqueer	190.74.42.225
51	Frazier	Spandley	fspandley1e@odnoklassniki.ru	Male	97.47.57.125
52	Rikki	Bales	rbales1f@ask.com	Male	172.100.151.151
53	Fabien	Heistermann	fheistermann1g@gmpg.org	Male	105.23.22.192
54	Catie	Woliter	cwoliter1h@vimeo.com	Female	161.225.184.234
55	Umeko	Dibbe	udibbe1i@multiply.com	Female	90.136.128.52
56	Martyn	Timlin	mtimlin1j@amazon.co.jp	Male	114.50.49.34
57	Dalia	Paulino	dpaulino1k@wsj.com	Female	250.221.222.202
58	Cherie	Girodier	cgirodier1l@barnesandnoble.com	Female	188.203.103.78
59	Kendre	Vannoort	kvannoort1m@huffingtonpost.com	Female	130.203.160.23
60	Verla	McPheat	vmcpheat1n@slideshare.net	Female	55.157.131.113
61	Joete	Townsend	jtownsend1o@liveinternet.ru	Female	39.224.123.112
62	Carter	Barfoot	cbarfoot1p@admin.ch	Male	207.36.226.126
63	Nisse	Farny	nfarny1q@ask.com	Female	87.213.28.220
64	Sandye	Pydcock	spydcock1r@mediafire.com	Female	71.221.48.65
65	Andrea	Grieves	agrieves1s@squidoo.com	Female	210.0.180.245
66	Michail	McKinley	mmckinley1t@nba.com	Male	0.39.151.159
67	Holmes	Reford	hreford1u@oaic.gov.au	Male	52.140.141.182
68	Pancho	Esslemont	pesslemont1v@example.com	Male	142.245.133.57
69	Zechariah	Gabb	zgabb1w@spiegel.de	Male	108.164.17.154
70	Giuseppe	MacGaughie	gmacgaughie1x@meetup.com	Male	148.114.58.0
71	Eddy	Codman	ecodman1y@amazon.co.uk	Male	123.171.254.150
72	Patrizio	Mulhall	pmulhall1z@psu.edu	Male	177.70.249.185
73	Elvis	Bootton	ebootton20@bing.com	Male	167.73.2.32
74	Paolo	Grindell	pgrindell21@naver.com	Male	93.122.86.181
75	Malia	Eckert	meckert22@cbsnews.com	Female	167.67.74.42
76	Toby	Antognelli	tantognelli23@over-blog.com	Male	129.61.99.232
77	Arin	Borell	aborell24@icio.us	Male	206.71.152.126
78	Brenden	De Marchi	bdemarchi25@feedburner.com	Male	208.124.35.134
79	Audre	Ibert	aibert26@posterous.com	Female	129.141.219.68
80	Teodorico	Guillford	tguillford27@canalblog.com	Genderfluid	108.46.145.119
81	Elroy	O'Monahan	eomonahan28@wordpress.com	Male	78.34.178.206
82	Clarita	Brounfield	cbrounfield29@live.com	Female	16.90.196.206
83	Lexie	Ricco	lricco2a@mozilla.org	Female	25.245.73.204
84	Sherlocke	Knowlton	sknowlton2b@independent.co.uk	Male	167.194.148.162
85	Christalle	Medland	cmedland2c@eventbrite.com	Female	140.199.61.193
86	Tricia	Dadley	tdadley2d@live.com	Female	7.174.73.36
87	Douglass	Aleksic	daleksic2e@google.com.hk	Male	143.240.134.29
88	Laurens	Jessopp	ljessopp2f@cocolog-nifty.com	Male	121.187.157.227
89	Isabel	Schuricke	ischuricke2g@sakura.ne.jp	Female	192.188.83.169
90	Arlene	Acory	aacory2h@furl.net	Female	91.120.32.223
91	Jock	Keegan	jkeegan2i@yahoo.co.jp	Male	213.153.15.41
92	Vic	Offield	voffield2j@hexun.com	Male	178.95.25.222
93	Maudie	Shrive	mshrive2k@behance.net	Female	36.22.43.159
94	Roshelle	Wheldon	rwheldon2l@reverbnation.com	Female	187.147.217.117
95	Cindra	Andrewartha	candrewartha2m@myspace.com	Female	193.40.129.212
96	Henrik	Fazzioli	hfazzioli2n@twitpic.com	Male	174.105.209.29
97	Gerrie	Wanjek	gwanjek2o@auda.org.au	Male	69.238.247.46
98	Davina	Cutbush	dcutbush2p@ucla.edu	Female	121.104.135.60
99	Bord	Belderson	bbelderson2q@netvibes.com	Male	41.134.244.138
100	Maegan	Antoniou	mantoniou2r@forbes.com	Female	129.2.48.67
101	Marlie	Moylan	mmoylan2s@issuu.com	Female	27.61.58.134
102	Zia	Witchard	zwitchard2t@sitemeter.com	Female	165.117.123.249
103	Kiel	Deluca	kdeluca2u@usatoday.com	Male	114.251.248.170
104	Klement	Ickeringill	kickeringill2v@tamu.edu	Male	15.90.52.67
105	Glenna	Michal	gmichal2w@reverbnation.com	Female	10.82.134.21
106	Elia	Quernel	equernel2x@ifeng.com	Male	173.100.159.122
107	Emmott	Duchart	educhart2y@wunderground.com	Male	110.167.7.85
108	Abrahan	Skryne	askryne2z@tripod.com	Male	188.36.198.242
109	Heriberto	Cream	hcream30@infoseek.co.jp	Male	47.19.159.221
110	Benn	Ponter	bponter31@storify.com	Male	131.227.55.155
111	Christiane	Pykett	cpykett32@craigslist.org	Female	2.224.59.223
112	Blair	Gillon	bgillon33@eepurl.com	Female	3.246.220.159
113	Lyndell	Dabbes	ldabbes34@google.ru	Female	155.13.245.69
114	Jule	Gogan	jgogan35@gizmodo.com	Male	124.68.28.12
115	Pauline	Hancox	phancox36@answers.com	Female	0.92.129.11
116	Lura	Beckinsale	lbeckinsale37@blog.com	Female	82.138.9.164
117	Clarke	Basili	cbasili38@admin.ch	Male	3.160.253.195
118	Danna	Swatradge	dswatradge39@pinterest.com	Female	62.64.170.36
119	Maggee	Emmatt	memmatt3a@si.edu	Female	41.227.203.17
120	Perrine	Geratt	pgeratt3b@usda.gov	Female	36.33.95.204
121	Leopold	Affleck	laffleck3c@domainmarket.com	Male	233.33.177.172
122	Jessie	Loveredge	jloveredge3d@netvibes.com	Male	194.9.189.92
123	Bruis	Alden	balden3e@virginia.edu	Male	59.3.111.133
124	Cam	Shearman	cshearman3f@jigsy.com	Male	115.179.226.213
125	Sela	Paolucci	spaolucci3g@reverbnation.com	Female	245.120.64.136
126	Belle	Drennan	bdrennan3h@lycos.com	Female	117.217.6.113
127	Tobias	Minchella	tminchella3i@dagondesign.com	Male	168.183.47.227
128	Tyson	Corradi	tcorradi3j@businesswire.com	Male	157.243.116.74
129	Phineas	Dusting	pdusting3k@answers.com	Male	196.234.68.77
130	Evvy	Langwade	elangwade3l@home.pl	Female	54.135.188.138
131	Ronna	Havard	rhavard3m@artisteer.com	Female	253.17.87.185
132	Teodoor	Komorowski	tkomorowski3n@dell.com	Male	63.52.27.161
133	Doris	Slucock	dslucock3o@nbcnews.com	Female	58.179.3.238
134	Cairistiona	Gherarducci	cgherarducci3p@about.me	Female	241.82.142.127
135	Bernard	Plumley	bplumley3q@sbwire.com	Male	98.182.127.29
136	Dom	McIlveen	dmcilveen3r@posterous.com	Male	133.70.66.72
137	Palm	Flips	pflips3s@ning.com	Male	187.56.45.201
138	Der	Ollive	dollive3t@chron.com	Male	132.238.206.203
139	Britta	Exer	bexer3u@archive.org	Female	56.37.213.224
140	Wendall	Dovinson	wdovinson3v@thetimes.co.uk	Male	242.244.225.52
141	Nicolais	Dyball	ndyball3w@quantcast.com	Male	195.177.132.62
142	Charley	Matz	cmatz3x@telegraph.co.uk	Male	130.161.190.253
143	Davin	Treweek	dtreweek3y@discuz.net	Male	67.166.213.59
144	Artie	Dockray	adockray3z@ucoz.ru	Male	212.8.167.223
145	Dulci	Meadowcroft	dmeadowcroft40@sphinn.com	Female	182.31.165.38
146	Scarlett	Attenburrow	sattenburrow41@biblegateway.com	Female	216.224.171.64
147	Rufus	Tolworth	rtolworth42@tuttocitta.it	Male	6.94.250.177
148	Darice	Mitford	dmitford43@blogs.com	Bigender	48.171.125.106
149	Alleen	Eagell	aeagell44@i2i.jp	Female	85.251.222.28
150	Lenard	De la Yglesia	ldelayglesia45@nbcnews.com	Male	159.146.220.52
151	Elvis	Gypps	egypps46@hexun.com	Male	100.6.39.133
152	Tommy	Ebbutt	tebbutt47@friendfeed.com	Genderfluid	254.100.150.156
153	Dean	Jakel	djakel48@apple.com	Male	162.172.242.190
154	Maudie	Worssam	mworssam49@google.com.br	Polygender	177.255.154.136
155	Bertie	Cornner	bcornner4a@howstuffworks.com	Male	117.73.197.131
156	Nichole	Pettecrew	npettecrew4b@alexa.com	Male	22.183.219.136
157	Anastasia	Heister	aheister4c@hc360.com	Female	209.224.197.122
158	Emlynn	Escalero	eescalero4d@un.org	Female	59.186.179.204
159	Felita	Michel	fmichel4e@skype.com	Female	87.56.72.141
160	Aldrich	Lorriman	alorriman4f@reddit.com	Male	195.11.9.130
161	Hastie	Loudiane	hloudiane4g@dailymotion.com	Male	144.158.195.131
162	Ashely	Phipson	aphipson4h@ask.com	Female	99.73.92.218
163	Rickard	Narbett	rnarbett4i@cocolog-nifty.com	Male	225.22.177.218
164	Costanza	Waterhous	cwaterhous4j@slate.com	Female	26.188.173.233
165	Garreth	Monier	gmonier4k@netlog.com	Male	124.12.80.235
166	Oates	Yurevich	oyurevich4l@mapquest.com	Male	247.1.2.156
167	Gannie	Ffoulkes	gffoulkes4m@wikispaces.com	Male	33.23.196.156
168	Aloysius	Edelman	aedelman4n@unicef.org	Male	113.11.161.193
169	Brenda	Leyshon	bleyshon4o@imageshack.us	Female	17.162.200.3
170	Cordelia	Darwent	cdarwent4p@fc2.com	Female	131.112.132.8
171	Anthia	Hane	ahane4q@csmonitor.com	Female	80.183.190.105
172	Janeczka	Estcourt	jestcourt4r@bbb.org	Female	136.44.38.236
173	Clevey	McMurthy	cmcmurthy4s@google.es	Male	30.138.146.24
174	Abbey	Hessle	ahessle4t@huffingtonpost.com	Male	34.160.99.232
175	Nico	Gabits	ngabits4u@dot.gov	Male	154.28.88.178
176	Benni	Doman	bdoman4v@harvard.edu	Female	129.99.132.158
177	Henderson	Tirrell	htirrell4w@facebook.com	Male	68.155.156.245
178	Danita	Welford	dwelford4x@msu.edu	Female	114.119.45.2
179	Ward	Dane	wdane4y@mac.com	Male	175.233.58.56
180	Miner	Groome	mgroome4z@dot.gov	Male	15.175.103.207
181	Coralie	Hekkert	chekkert50@weebly.com	Female	70.171.120.172
182	Damara	Geydon	dgeydon51@msu.edu	Female	48.33.7.211
183	Erastus	Demke	edemke52@arizona.edu	Male	88.1.135.121
184	Anica	Vasilevich	avasilevich53@utexas.edu	Female	9.151.145.235
185	Raymund	Kliment	rkliment54@comcast.net	Male	5.225.160.111
186	Homer	Kasparski	hkasparski55@usda.gov	Male	79.206.117.247
187	Ethelred	Colthurst	ecolthurst56@huffingtonpost.com	Male	133.134.202.135
188	Corrie	Tothe	ctothe57@yahoo.co.jp	Female	185.163.85.149
189	Camile	Guerrin	cguerrin58@chron.com	Female	217.145.10.157
190	Sayre	Sonner	ssonner59@hp.com	Female	235.72.58.100
191	Roxana	Buddle	rbuddle5a@twitpic.com	Female	62.67.214.122
192	Charmane	Sherrett	csherrett5b@4shared.com	Female	52.36.207.90
193	Merl	Guard	mguard5c@e-recht24.de	Female	154.52.4.176
194	Cally	Tunuy	ctunuy5d@biblegateway.com	Non-binary	199.220.75.255
195	Dacey	Troughton	dtroughton5e@pbs.org	Female	203.14.100.247
196	Jehu	Bitcheno	jbitcheno5f@twitter.com	Male	212.199.110.66
197	Nancey	Sizzey	nsizzey5g@over-blog.com	Female	161.118.187.0
198	Hunt	Gravett	hgravett5h@sohu.com	Male	64.20.41.146
199	Josee	Boxhall	jboxhall5i@boston.com	Female	75.162.62.29
200	Mirabel	Ramalhete	mramalhete5j@diigo.com	Female	54.245.33.166
201	Ahmed	Bayfield	abayfield5k@technorati.com	Male	141.140.135.22
202	Lora	Coppeard	lcoppeard5l@go.com	Female	170.190.177.195
203	Robinette	Schusterl	rschusterl5m@census.gov	Female	77.190.171.99
204	Torry	De Micoli	tdemicoli5n@hp.com	Male	246.29.33.59
205	Leah	Cutill	lcutill5o@dmoz.org	Female	24.67.18.202
206	Wilmer	Kubanek	wkubanek5p@jiathis.com	Male	69.212.144.246
207	Royall	Deadman	rdeadman5q@linkedin.com	Male	191.129.241.43
208	Camilla	Eggleton	ceggleton5r@princeton.edu	Female	51.18.57.245
209	Deane	Jansen	djansen5s@nba.com	Male	106.13.83.117
210	Tate	Benzing	tbenzing5t@arstechnica.com	Male	105.67.117.45
211	Darya	Gaish	dgaish5u@umich.edu	Female	189.97.43.83
212	Edd	Keegan	ekeegan5v@adobe.com	Male	129.55.179.71
213	Julius	Harkins	jharkins5w@accuweather.com	Male	128.133.169.239
214	Kendre	Gresch	kgresch5x@businessinsider.com	Female	153.158.215.176
215	Giovanni	Bentke	gbentke5y@cloudflare.com	Male	243.7.64.209
216	Amabelle	Fussell	afussell5z@squarespace.com	Female	242.201.204.211
217	Hilliard	Purdy	hpurdy60@ftc.gov	Male	99.86.97.0
218	Thorstein	Collingham	tcollingham61@youku.com	Male	182.214.33.176
219	Garry	Walsh	gwalsh62@ovh.net	Male	154.232.62.136
220	Gayla	Nafzger	gnafzger63@dagondesign.com	Female	253.195.114.182
221	Maure	Colafate	mcolafate64@unesco.org	Female	110.66.41.5
222	Francklyn	Clarke	fclarke65@oaic.gov.au	Male	140.138.141.62
223	Lydon	Benedick	lbenedick66@si.edu	Male	53.163.188.99
224	June	Marrow	jmarrow67@homestead.com	Female	17.76.19.26
225	Caroljean	Budnik	cbudnik68@statcounter.com	Female	233.110.83.64
226	Cass	Sayse	csayse69@so-net.ne.jp	Male	162.79.56.129
227	Jordanna	Popple	jpopple6a@si.edu	Female	175.102.161.211
228	Evangeline	Hugin	ehugin6b@list-manage.com	Female	212.66.55.193
229	Holt	MacTague	hmactague6c@chronoengine.com	Male	225.25.136.31
230	Henderson	Gregolotti	hgregolotti6d@bravesites.com	Male	230.189.69.140
231	Janie	Etteridge	jetteridge6e@wiley.com	Female	254.171.79.113
232	Leisha	Boldison	lboldison6f@msu.edu	Female	236.133.222.79
233	Cathie	Mellhuish	cmellhuish6g@jugem.jp	Female	241.9.10.212
234	Chuck	Rodear	crodear6h@addthis.com	Male	29.187.122.217
235	Dewitt	Dottrell	ddottrell6i@ow.ly	Male	75.241.200.88
236	Frazier	Joselevitz	fjoselevitz6j@phoca.cz	Male	38.22.224.111
237	Ebeneser	Kleinplac	ekleinplac6k@bizjournals.com	Male	30.23.16.254
238	Lyman	Ranyelld	lranyelld6l@nifty.com	Male	185.55.216.62
239	Dolf	Poulter	dpoulter6m@squarespace.com	Male	220.240.200.112
240	James	Ricket	jricket6n@istockphoto.com	Male	36.105.59.13
241	Dicky	Chipperfield	dchipperfield6o@digg.com	Male	74.60.93.164
242	Brig	Twitching	btwitching6p@mashable.com	Male	154.206.105.247
243	Candy	Cromleholme	ccromleholme6q@deviantart.com	Female	183.182.58.12
244	Brook	Ramel	bramel6r@dropbox.com	Male	19.157.34.5
245	Henry	Drains	hdrains6s@elegantthemes.com	Male	29.115.139.220
246	Calla	Giraudo	cgiraudo6t@domainmarket.com	Female	195.74.154.180
247	Tobey	Rex	trex6u@de.vu	Female	218.234.168.134
248	Kaylee	Fibbens	kfibbens6v@mayoclinic.com	Female	37.47.175.166
249	Robers	McGlashan	rmcglashan6w@networkadvertising.org	Male	123.47.219.177
250	Giffard	Cabotto	gcabotto6x@engadget.com	Male	232.77.177.174
251	Yalonda	Organer	yorganer6y@jimdo.com	Female	103.81.160.255
252	Ram	Mash	rmash6z@vkontakte.ru	Male	137.112.146.150
253	Dudley	Setter	dsetter70@columbia.edu	Male	86.213.94.78
254	Collin	Petschel	cpetschel71@zdnet.com	Male	144.131.18.245
255	Paulina	Heinemann	pheinemann72@yolasite.com	Female	247.237.165.64
256	Tab	Revan	trevan73@bizjournals.com	Male	124.7.191.236
257	Amargo	Lebel	alebel74@umich.edu	Female	193.120.208.248
258	Brice	Hawford	bhawford75@techcrunch.com	Agender	243.113.194.24
259	Lizzy	Rubinshtein	lrubinshtein76@infoseek.co.jp	Female	161.64.70.8
260	Diane	Kays	dkays77@yelp.com	Female	228.64.177.60
261	Zelig	Tingey	ztingey78@scientificamerican.com	Male	159.42.242.134
262	Nickola	Bogays	nbogays79@indiegogo.com	Male	220.88.7.46
263	Thaddeus	Leverton	tleverton7a@mayoclinic.com	Male	39.182.192.218
264	Bobbette	Roo	broo7b@ted.com	Female	12.28.178.148
265	Cris	Markwell	cmarkwell7c@boston.com	Male	237.251.160.188
266	Abigail	Bentjens	abentjens7d@answers.com	Non-binary	147.165.159.141
267	Ariel	Collinge	acollinge7e@cmu.edu	Male	20.80.166.128
268	Agustin	Mussilli	amussilli7f@typepad.com	Male	61.57.201.101
269	Cos	Queyos	cqueyos7g@cocolog-nifty.com	Male	42.253.19.206
270	Dana	Marven	dmarven7h@google.ru	Male	238.119.120.59
271	Jenn	Coleford	jcoleford7i@blog.com	Polygender	145.248.30.172
272	Pierrette	Smalles	psmalles7j@woothemes.com	Female	218.250.19.118
273	Purcell	Wallwood	pwallwood7k@nhs.uk	Male	199.101.93.207
274	Antonie	Folkes	afolkes7l@fastcompany.com	Non-binary	56.150.61.76
275	Nelly	Kubasek	nkubasek7m@vinaora.com	Female	36.55.88.211
276	Kingston	Cavan	kcavan7n@cyberchimps.com	Male	61.61.106.59
277	Carri	Steptowe	csteptowe7o@pen.io	Non-binary	243.55.188.1
278	Brendis	Krelle	bkrelle7p@t-online.de	Male	6.18.244.151
279	Ranee	Pittet	rpittet7q@unesco.org	Female	115.68.220.116
280	Wally	Terlinden	wterlinden7r@chicagotribune.com	Female	78.192.179.96
281	Misha	Demare	mdemare7s@dagondesign.com	Female	8.53.164.18
282	Ennis	Timmins	etimmins7t@springer.com	Male	55.184.92.200
283	Noami	Bette	nbette7u@businessweek.com	Female	240.49.158.126
284	Carolus	Delafoy	cdelafoy7v@jugem.jp	Male	225.126.180.123
285	Joellyn	Davenhill	jdavenhill7w@zimbio.com	Female	112.39.219.176
286	Helge	Kopp	hkopp7x@harvard.edu	Female	30.106.239.60
287	Connor	Zapater	czapater7y@eepurl.com	Male	9.94.253.104
288	Vanna	Wadforth	vwadforth7z@chronoengine.com	Female	193.27.17.31
289	Winny	Garr	wgarr80@noaa.gov	Male	61.50.139.33
290	Garreth	Lehrmann	glehrmann81@cnbc.com	Male	133.216.224.201
291	Jacqueline	Warton	jwarton82@eventbrite.com	Female	135.102.248.121
292	Benson	Tabbitt	btabbitt83@berkeley.edu	Male	34.23.8.129
293	Frank	Sanz	fsanz84@usnews.com	Male	181.95.48.146
294	Rog	Ingree	ringree85@arstechnica.com	Male	83.104.242.89
295	Sibyl	Ferrarese	sferrarese86@illinois.edu	Male	130.231.208.57
296	Lotti	Alsobrook	lalsobrook87@woothemes.com	Female	167.15.44.107
297	Winn	Rump	wrump88@spiegel.de	Male	162.141.2.69
298	Georgetta	Foxcroft	gfoxcroft89@purevolume.com	Female	199.161.208.24
299	Bruis	Symes	bsymes8a@a8.net	Male	94.109.91.201
300	Bartlett	Alejandri	balejandri8b@gnu.org	Male	201.109.45.49
301	Angeli	M'Quharge	amquharge8c@usda.gov	Male	87.54.149.20
302	Salomon	Hamprecht	shamprecht8d@discovery.com	Male	0.106.249.178
303	Montgomery	Bowlands	mbowlands8e@hugedomains.com	Male	225.48.107.93
304	Bret	Lintill	blintill8f@thetimes.co.uk	Male	34.129.112.201
305	Belita	Cicchinelli	bcicchinelli8g@weebly.com	Female	1.125.254.50
306	Franky	Garstang	fgarstang8h@mail.ru	Male	247.135.110.143
307	Alexei	Firby	afirby8i@ifeng.com	Male	82.207.192.152
308	Garwood	Rimer	grimer8j@friendfeed.com	Male	172.182.103.113
309	Nikki	Barts	nbarts8k@unc.edu	Female	78.239.239.26
310	Karel	Pulhoster	kpulhoster8l@wunderground.com	Female	133.103.113.172
311	Glynis	Peile	gpeile8m@stumbleupon.com	Female	244.34.253.157
312	Klaus	Shill	kshill8n@pen.io	Male	156.56.98.148
313	Kial	Gorthy	kgorthy8o@mapy.cz	Genderqueer	94.53.169.250
314	Lethia	Krollmann	lkrollmann8p@themeforest.net	Female	117.202.115.97
315	Vonni	Karmel	vkarmel8q@statcounter.com	Female	63.13.191.16
316	Zachary	Newbury	znewbury8r@bizjournals.com	Non-binary	97.53.164.122
317	Clim	Bonde	cbonde8s@youku.com	Male	207.86.131.1
318	Abbie	Segoe	asegoe8t@google.com.hk	Female	8.225.60.199
319	Adelle	Roseby	aroseby8u@addthis.com	Female	40.246.88.33
320	Kippy	Kyttor	kkyttor8v@mozilla.com	Male	17.55.73.156
321	Swen	Bollam	sbollam8w@smugmug.com	Male	61.45.110.162
322	Jo	Lunnon	jlunnon8x@bigcartel.com	Genderfluid	14.232.77.158
323	Chester	Bartali	cbartali8y@blinklist.com	Male	18.142.118.167
324	Catherin	Gourlie	cgourlie8z@umich.edu	Female	221.69.134.103
325	Sisile	Willingham	swillingham90@oakley.com	Female	8.142.148.153
326	Harland	Westwood	hwestwood91@deliciousdays.com	Male	46.182.18.41
327	Floria	Coupe	fcoupe92@google.it	Female	227.68.142.108
328	Briana	Olpin	bolpin93@bravesites.com	Female	136.75.90.38
329	Nev	Grayling	ngrayling94@mlb.com	Male	105.228.106.199
330	Mabel	Yantsurev	myantsurev95@webmd.com	Female	19.155.184.111
331	Querida	Olerenshaw	qolerenshaw96@toplist.cz	Female	5.194.52.207
332	Allys	Blaschke	ablaschke97@imgur.com	Female	69.202.133.76
333	Kit	Cardnell	kcardnell98@howstuffworks.com	Bigender	186.94.127.85
334	Stephanus	Staner	sstaner99@businessweek.com	Male	64.201.74.149
335	Eliot	Murdy	emurdy9a@sourceforge.net	Male	72.3.54.168
336	Devi	Lockwood	dlockwood9b@google.com.br	Female	247.117.139.228
337	Shawna	Kaes	skaes9c@liveinternet.ru	Bigender	140.181.62.245
338	Morgun	Dyzart	mdyzart9d@answers.com	Male	16.170.176.174
339	Florence	McOrkil	fmcorkil9e@theatlantic.com	Female	187.169.126.222
340	Kenn	Lound	klound9f@zdnet.com	Male	199.1.77.108
341	Lem	Saxon	lsaxon9g@t.co	Male	57.144.171.44
342	Loralee	Papps	lpapps9h@sciencedirect.com	Female	198.62.66.169
343	Melanie	Ambrois	mambrois9i@networksolutions.com	Female	169.165.134.115
344	Walker	Scottrell	wscottrell9j@rakuten.co.jp	Male	143.143.55.43
345	Boonie	Stambridge	bstambridge9k@bizjournals.com	Male	144.124.234.134
346	Mort	Abramowsky	mabramowsky9l@myspace.com	Male	17.202.118.224
347	Roze	Daviddi	rdaviddi9m@goodreads.com	Female	130.203.43.180
348	Hendrick	Bilham	hbilham9n@go.com	Male	156.78.43.32
349	Rosana	Hillen	rhillen9o@buzzfeed.com	Female	31.148.200.69
350	Bernhard	Boone	bboone9p@wp.com	Male	166.218.24.195
351	Kale	Clissell	kclissell9q@shareasale.com	Male	55.246.69.213
352	Edward	Skipper	eskipper9r@technorati.com	Male	92.133.44.207
353	Phedra	Irnis	pirnis9s@who.int	Female	16.127.249.129
354	Leyla	Golston	lgolston9t@addthis.com	Female	238.222.151.60
355	Aguie	Rawsthorn	arawsthorn9u@cyberchimps.com	Male	175.123.249.114
356	Ellyn	Weakley	eweakley9v@vinaora.com	Female	126.254.4.239
357	Neile	Last	nlast9w@canalblog.com	Female	211.115.209.246
358	Gweneth	Arrell	garrell9x@weebly.com	Polygender	26.39.209.242
359	Lem	Veall	lveall9y@google.com.br	Male	106.136.175.57
360	Eyde	Le Guin	eleguin9z@abc.net.au	Female	205.97.175.84
361	Ardella	Monteith	amonteitha0@webmd.com	Female	157.191.140.177
362	Darcy	Kettel	dkettela1@google.co.uk	Female	81.112.63.159
363	Ashton	Cardoso	acardosoa2@cafepress.com	Male	73.212.159.149
364	Fernandina	Ratie	fratiea3@1und1.de	Female	193.13.113.234
365	Hallsy	Peschka	hpeschkaa4@sakura.ne.jp	Male	70.176.189.19
366	Gustaf	Chatwin	gchatwina5@issuu.com	Male	78.229.250.233
367	Kayne	De Fraine	kdefrainea6@mysql.com	Male	60.176.38.137
368	Mari	Jedrzaszkiewicz	mjedrzaszkiewicza7@vk.com	Female	163.174.31.80
369	Ettore	Leadston	eleadstona8@weather.com	Male	5.160.185.100
370	Dun	Vankin	dvankina9@independent.co.uk	Male	28.100.88.156
371	Ethan	Holleran	eholleranaa@comcast.net	Non-binary	65.103.26.91
372	Karoly	Gorton	kgortonab@nydailynews.com	Male	124.242.203.108
373	Clemence	Brasier	cbrasierac@networksolutions.com	Non-binary	4.206.204.184
374	Dosi	Yousef	dyousefad@lulu.com	Polygender	233.153.168.174
375	Dollie	Brislen	dbrislenae@about.com	Female	28.93.70.207
376	Frankie	Koubek	fkoubekaf@wix.com	Agender	16.240.160.124
377	Cyndia	Millberg	cmillbergag@youtu.be	Female	23.228.138.104
378	Giles	Sides	gsidesah@gizmodo.com	Male	104.99.166.199
379	Cathrin	Pitone	cpitoneai@goodreads.com	Female	106.160.245.37
380	Sibilla	Bernardos	sbernardosaj@yahoo.co.jp	Female	17.117.125.29
381	Fan	Fawlo	ffawloak@marriott.com	Female	157.11.99.16
382	Yolane	Guilfoyle	yguilfoyleal@free.fr	Female	147.130.245.39
383	Nolan	Devita	ndevitaam@businessinsider.com	Male	75.204.109.138
384	Amos	Ashcroft	aashcroftan@cdc.gov	Male	99.124.186.11
385	Ambrose	Drinkhall	adrinkhallao@vimeo.com	Genderfluid	25.71.154.155
386	Kerwinn	Medway	kmedwayap@nytimes.com	Male	245.110.50.119
387	Antonia	Colaton	acolatonaq@reddit.com	Female	161.41.173.53
388	Dalli	Magner	dmagnerar@com.com	Male	136.147.198.249
389	Heath	Kubala	hkubalaas@mac.com	Male	133.20.114.106
390	Levi	Boyes	lboyesat@redcross.org	Male	107.0.189.249
391	Harriot	Brend	hbrendau@paypal.com	Female	150.207.125.147
392	Conrade	Batthew	cbatthewav@cnn.com	Male	214.169.161.31
393	Vinnie	Gurden	vgurdenaw@t-online.de	Male	28.99.205.100
394	Lynett	Lathaye	llathayeax@seesaa.net	Female	130.177.23.95
395	Marco	Lowne	mlowneay@mashable.com	Male	88.130.205.87
396	Noella	Blaksley	nblaksleyaz@last.fm	Female	57.254.112.252
397	Adore	Mazella	amazellab0@cargocollective.com	Female	198.109.196.243
398	Nigel	Battlestone	nbattlestoneb1@admin.ch	Male	198.43.43.21
399	Quinton	Sirey	qsireyb2@un.org	Male	93.70.30.164
400	Red	Mellenby	rmellenbyb3@github.com	Male	115.172.91.182
401	Murdock	Quarterman	mquartermanb4@skype.com	Male	74.237.167.123
402	Moyna	Lorenzetto	mlorenzettob5@example.com	Female	73.63.62.91
403	Margi	Cocklin	mcocklinb6@yahoo.com	Female	31.84.83.23
404	Sarajane	De Carteret	sdecarteretb7@artisteer.com	Female	101.46.155.96
405	Bobbie	Strawbridge	bstrawbridgeb8@dyndns.org	Female	166.243.188.243
406	Nick	Shacklady	nshackladyb9@gnu.org	Male	89.125.148.165
407	Rutter	Troni	rtroniba@sun.com	Male	120.185.209.45
408	Patricio	Raiston	praistonbb@gov.uk	Male	248.219.15.223
409	Allison	Dedon	adedonbc@unesco.org	Female	51.65.135.255
410	Sutherland	Lutman	slutmanbd@ycombinator.com	Male	171.28.107.37
411	Brien	Bahlmann	bbahlmannbe@cnbc.com	Genderfluid	66.12.150.241
412	Prissie	Filipchikov	pfilipchikovbf@w3.org	Female	112.205.184.128
413	Sileas	Bullivent	sbulliventbg@epa.gov	Female	210.186.102.62
414	Gaile	Beckworth	gbeckworthbh@cnbc.com	Male	35.8.146.231
415	Karilynn	McCarthy	kmccarthybi@rakuten.co.jp	Female	28.170.208.45
416	Reginauld	Davidzon	rdavidzonbj@bbb.org	Male	75.125.79.146
417	Normy	Janjusevic	njanjusevicbk@dell.com	Agender	189.174.229.172
418	Pooh	Grissett	pgrissettbl@gravatar.com	Male	213.246.52.172
419	Kaitlyn	Jakucewicz	kjakucewiczbm@state.tx.us	Female	207.40.121.97
420	Bram	Stillman	bstillmanbn@reuters.com	Male	70.30.120.176
421	Saraann	Dargue	sdarguebo@admin.ch	Female	59.122.226.151
422	Fionna	O'Loughane	foloughanebp@purevolume.com	Bigender	178.153.212.142
423	Mead	Peto	mpetobq@xinhuanet.com	Male	204.49.127.72
424	Sharline	Kohnert	skohnertbr@howstuffworks.com	Female	91.93.4.69
425	Karrah	Pollastrone	kpollastronebs@apple.com	Agender	140.36.241.123
426	Liesa	Whitcomb	lwhitcombbt@free.fr	Female	80.56.78.221
427	Ava	Richardet	arichardetbu@amazon.com	Female	141.245.236.28
428	Carmina	Meriguet	cmeriguetbv@discovery.com	Female	35.140.126.223
429	Felike	Knolles-Green	fknollesgreenbw@imdb.com	Male	51.82.191.250
430	Becca	Feek	bfeekbx@oakley.com	Female	233.185.197.101
431	Georgia	Knapton	gknaptonby@google.ca	Female	169.85.170.123
432	Taddeusz	Henriet	thenrietbz@xrea.com	Male	101.253.168.249
433	Kenneth	Fattorini	kfattorinic0@phoca.cz	Male	239.79.151.130
434	Giff	Radeliffe	gradeliffec1@php.net	Male	126.122.218.78
435	Julianna	Willars	jwillarsc2@drupal.org	Female	111.226.250.255
436	Miranda	Skirving	mskirvingc3@cyberchimps.com	Female	59.157.201.142
437	Lutero	Kennedy	lkennedyc4@omniture.com	Male	20.118.70.161
438	Rolando	Trencher	rtrencherc5@hao123.com	Male	236.36.100.243
439	Farrah	Papen	fpapenc6@trellian.com	Female	105.60.47.170
440	Jayne	Hollyman	jhollymanc7@hao123.com	Female	145.204.254.4
441	Wendell	Brodway	wbrodwayc8@list-manage.com	Male	41.253.160.217
442	Harli	Royse	hroysec9@pbs.org	Female	218.249.6.71
443	Karlik	Fer	kferca@woothemes.com	Male	46.144.253.189
444	Adelind	Antoniewski	aantoniewskicb@intel.com	Female	99.168.255.143
445	Tallia	Depport	tdepportcc@ucoz.ru	Female	111.234.85.165
446	Jany	O' Hern	joherncd@patch.com	Female	104.136.208.83
447	Victoria	Brainsby	vbrainsbyce@jimdo.com	Female	212.57.56.16
448	Valentina	Wyeth	vwyethcf@jimdo.com	Female	12.159.56.151
449	Rourke	Nightingale	rnightingalecg@tinyurl.com	Genderfluid	47.172.163.35
450	Moria	Andreassen	mandreassench@livejournal.com	Female	223.125.49.70
451	Cordelie	Sommerfeld	csommerfeldci@amazon.co.jp	Female	102.15.77.161
452	Addison	Bonehill	abonehillcj@unesco.org	Male	170.1.212.167
453	Lucinda	Dark	ldarkck@myspace.com	Female	188.151.168.91
454	Jesse	Aleevy	jaleevycl@e-recht24.de	Non-binary	70.22.125.221
455	Fay	Joreau	fjoreaucm@google.nl	Female	163.42.193.60
456	Jose	Jaggli	jjagglicn@de.vu	Male	155.84.215.2
457	Raynor	Snozzwell	rsnozzwellco@dropbox.com	Male	177.92.216.121
458	Gunilla	Lauridsen	glauridsencp@flavors.me	Female	3.34.128.67
459	Finley	MacCaffrey	fmaccaffreycq@phpbb.com	Polygender	167.7.196.49
460	Rachelle	Charlwood	rcharlwoodcr@berkeley.edu	Female	107.193.72.66
461	Georges	Chrispin	gchrispincs@timesonline.co.uk	Male	148.96.170.14
462	Sharia	Jay	sjayct@google.it	Polygender	191.19.241.4
463	Rene	Francescuzzi	rfrancescuzzicu@oaic.gov.au	Female	88.225.55.22
464	Rowen	Fray	rfraycv@ycombinator.com	Male	67.26.131.175
465	Emili	Howard - Gater	ehowardgatercw@constantcontact.com	Bigender	73.81.213.11
466	Silvain	Bilborough	sbilboroughcx@studiopress.com	Male	151.55.16.207
467	Nevin	Thurber	nthurbercy@hexun.com	Male	53.201.157.230
468	Addi	Craddock	acraddockcz@spiegel.de	Female	205.196.105.187
469	Mahmoud	Banthorpe	mbanthorped0@google.fr	Male	252.194.25.60
470	Malchy	Kos	mkosd1@google.de	Male	6.242.74.168
471	Vick	Croot	vcrootd2@ed.gov	Male	191.155.15.66
472	Townsend	Imorts	timortsd3@paginegialle.it	Non-binary	168.139.234.178
473	Benedikt	Salisbury	bsalisburyd4@barnesandnoble.com	Male	24.247.38.104
474	Jacenta	Scorer	jscorerd5@bizjournals.com	Female	104.133.116.227
475	Betsy	Crim	bcrimd6@jugem.jp	Female	241.149.170.39
476	Claus	Raistrick	craistrickd7@tinypic.com	Male	111.196.11.58
477	Hew	Jent	hjentd8@exblog.jp	Genderqueer	187.33.213.170
478	Sheffield	Haggie	shaggied9@geocities.com	Male	227.136.227.57
479	Brittne	Pallatina	bpallatinada@sbwire.com	Female	156.147.69.147
480	Stephine	Grimmer	sgrimmerdb@quantcast.com	Female	155.104.7.24
481	Jillayne	Ovise	jovisedc@earthlink.net	Female	21.100.60.236
482	Kenton	Shelf	kshelfdd@psu.edu	Male	108.0.6.164
483	Georgy	Robbey	grobbeyde@cocolog-nifty.com	Male	225.15.236.254
484	Alwyn	Gaither	agaitherdf@hatena.ne.jp	Male	236.97.129.250
485	Gan	Corker	gcorkerdg@globo.com	Male	183.48.180.250
486	Coraline	Haugen	chaugendh@independent.co.uk	Female	127.101.178.170
487	Marji	Wones	mwonesdi@disqus.com	Female	189.11.105.166
488	Johnath	Colston	jcolstondj@oaic.gov.au	Female	164.68.109.245
489	Jameson	Wasbey	jwasbeydk@utexas.edu	Male	202.187.60.194
490	Gui	Cudbertson	gcudbertsondl@t-online.de	Female	101.156.159.235
491	Forrester	Harkins	fharkinsdm@exblog.jp	Male	218.81.102.75
492	Levey	O'Canavan	locanavandn@pcworld.com	Male	253.72.188.94
493	Chrisse	Cobelli	ccobellido@ucla.edu	Male	253.58.83.87
494	Irina	Pendlebery	ipendleberydp@europa.eu	Female	77.182.70.156
495	Tobie	Aires	tairesdq@ca.gov	Male	1.219.50.92
496	Gillan	Hendrix	ghendrixdr@1und1.de	Female	196.247.101.138
497	Elinor	Denisovo	edenisovods@live.com	Female	122.18.29.221
498	Bailey	Earwaker	bearwakerdt@diigo.com	Male	48.124.212.180
499	Ernesta	Zielinski	ezielinskidu@bluehost.com	Female	218.150.37.251
500	Carling	Phipson	cphipsondv@ted.com	Male	123.168.36.243
501	Valerye	Phaup	vphaupdw@gnu.org	Female	108.218.171.36
502	Baldwin	Tennewell	btennewelldx@reference.com	Male	219.177.252.193
503	Cly	Ipplett	cipplettdy@businesswire.com	Male	64.121.44.34
504	Say	Duchart	sduchartdz@cyberchimps.com	Male	81.0.149.14
505	Emma	Digan	edigane0@xing.com	Female	117.3.235.62
506	Dedra	Greaser	dgreasere1@imdb.com	Female	170.237.70.226
507	Reinhard	Botler	rbotlere2@dell.com	Male	92.235.253.175
508	Uriah	Loadman	uloadmane3@harvard.edu	Male	136.183.185.198
509	Fae	Vanns	fvannse4@slashdot.org	Female	240.168.14.179
510	Maighdiln	Laddle	mladdlee5@cdbaby.com	Female	62.113.2.7
511	Wainwright	Ricca	wriccae6@mysql.com	Male	197.154.183.119
512	Ingmar	Brettelle	ibrettellee7@odnoklassniki.ru	Male	34.189.36.226
513	Monique	Bolles	mbollese8@amazon.de	Female	15.67.211.2
514	Leslie	Millthorpe	lmillthorpee9@elpais.com	Male	121.147.160.217
515	Raine	Gonzalo	rgonzaloea@51.la	Female	207.204.223.204
516	Charmion	Pladen	cpladeneb@t-online.de	Female	11.26.245.62
517	Hasty	Jeayes	hjeayesec@parallels.com	Male	60.51.190.112
518	Meade	Perassi	mperassied@issuu.com	Male	20.158.34.219
519	Miles	Primrose	mprimroseee@wp.com	Male	240.223.191.190
520	Shell	Codlin	scodlinef@nifty.com	Genderfluid	217.233.117.120
521	Haily	Byng	hbyngeg@usnews.com	Female	243.143.57.133
522	Ursula	Imorts	uimortseh@squidoo.com	Female	155.102.154.226
523	Collete	Goodbarr	cgoodbarrei@indiegogo.com	Female	171.242.216.152
524	Shurwood	Caukill	scaukillej@businesswire.com	Male	40.75.64.195
525	Cicily	Mozzi	cmozziek@t.co	Female	11.177.213.45
526	Laryssa	Duchenne	lduchenneel@godaddy.com	Female	119.50.69.44
527	Ruperta	Bogie	rbogieem@psu.edu	Female	223.171.244.10
528	Norine	Aizic	naizicen@taobao.com	Female	85.255.17.40
529	Gaultiero	Plesing	gplesingeo@hp.com	Male	43.109.192.188
530	Minette	Marrington	mmarringtonep@storify.com	Female	171.83.33.63
531	Delaney	Shortin	dshortineq@icq.com	Male	86.45.166.244
532	Maxi	Branney	mbranneyer@tuttocitta.it	Female	130.254.205.210
533	Giselbert	Chedzoy	gchedzoyes@foxnews.com	Genderqueer	135.101.126.248
534	Otes	Whitehouse	owhitehouseet@last.fm	Male	6.43.94.175
535	Emilee	Crinidge	ecrinidgeeu@cpanel.net	Genderfluid	81.126.97.239
536	Dur	Blagburn	dblagburnev@barnesandnoble.com	Male	208.166.217.86
537	Winna	Brydie	wbrydieew@webnode.com	Female	157.101.133.95
538	Isidore	Lamborn	ilambornex@indiegogo.com	Male	160.140.194.64
539	Sheelah	Gorbell	sgorbelley@wp.com	Female	191.152.212.70
540	Didi	Vesty	dvestyez@netlog.com	Female	159.91.91.112
541	Tim	MacMillan	tmacmillanf0@twitter.com	Female	163.51.220.220
542	Abigael	Ameer-Beg	aameerbegf1@youtu.be	Female	150.8.77.152
543	Brinna	Gerrets	bgerretsf2@ask.com	Female	122.168.128.97
544	Harmon	Penton	hpentonf3@unc.edu	Male	214.84.64.236
545	Nettie	Favela	nfavelaf4@usgs.gov	Female	94.53.241.85
546	Abbie	Wethered	awetheredf5@blogger.com	Female	183.112.17.248
547	Abeu	Craggs	acraggsf6@parallels.com	Male	155.155.246.249
548	Loy	Dumphries	ldumphriesf7@drupal.org	Male	110.69.41.176
549	Tabbi	Haslam	thaslamf8@patch.com	Genderfluid	92.136.48.140
550	Fin	Doherty	fdohertyf9@sun.com	Male	176.22.162.229
551	Viv	Nani	vnanifa@goo.gl	Female	249.57.30.119
552	Chev	Cornwell	ccornwellfb@dailymotion.com	Male	52.73.120.207
553	Elihu	Galbraeth	egalbraethfc@cbc.ca	Male	0.25.88.208
554	Dara	Jindacek	djindacekfd@symantec.com	Female	48.71.80.112
555	Maurie	Tibbotts	mtibbottsfe@unicef.org	Male	31.122.158.91
556	Liesa	Prickett	lprickettff@wunderground.com	Female	223.172.215.165
557	Cory	Murphy	cmurphyfg@mapy.cz	Male	190.104.197.161
558	Austin	Hamlett	ahamlettfh@ow.ly	Male	143.73.167.132
559	Gwenneth	Sollom	gsollomfi@flickr.com	Female	42.252.174.192
560	Clemens	Padwick	cpadwickfj@wired.com	Male	190.49.154.138
561	Torin	Blackley	tblackleyfk@toplist.cz	Male	169.7.114.206
562	Zacharias	Burrell	zburrellfl@theglobeandmail.com	Male	214.134.207.21
563	Clint	Jakeman	cjakemanfm@forbes.com	Male	210.109.222.101
564	Waverley	Dyka	wdykafn@patch.com	Male	84.195.60.8
565	Darryl	Ferreri	dferrerifo@alibaba.com	Female	159.19.83.118
566	Myrle	Mylchreest	mmylchreestfp@flickr.com	Polygender	128.96.6.71
567	Cassaundra	Rookwell	crookwellfq@google.de	Female	223.183.226.22
568	Korella	Nevill	knevillfr@desdev.cn	Female	247.244.138.184
569	Merline	Scrivner	mscrivnerfs@springer.com	Agender	18.208.235.119
570	Giff	Duberry	gduberryft@youtu.be	Male	4.251.243.172
571	Margot	Hirschmann	mhirschmannfu@homestead.com	Female	96.178.171.80
572	Reed	Scrammage	rscrammagefv@cdbaby.com	Male	70.54.33.183
573	Harold	Staley	hstaleyfw@guardian.co.uk	Male	255.82.57.32
574	Marcelo	Bricklebank	mbricklebankfx@webmd.com	Male	75.116.113.113
575	Carlyle	Boick	cboickfy@hc360.com	Male	64.254.47.105
576	Dinnie	Fattore	dfattorefz@printfriendly.com	Female	105.234.247.1
577	Arvin	Thornton-Dewhirst	athorntondewhirstg0@weebly.com	Male	179.101.195.22
578	Say	Rock	srockg1@homestead.com	Male	26.12.101.60
579	Borg	Pinner	bpinnerg2@hostgator.com	Male	90.124.5.246
580	Alf	Tures	aturesg3@home.pl	Male	93.150.4.7
581	Mathe	Alyokhin	malyokhing4@wp.com	Male	187.209.84.119
582	Estevan	Gaze	egazeg5@nps.gov	Male	85.71.147.103
583	Leora	Yeend	lyeendg6@netlog.com	Genderqueer	218.158.135.24
584	Donelle	Insley	dinsleyg7@macromedia.com	Female	169.148.244.219
585	Shelli	Leaf	sleafg8@issuu.com	Female	130.71.229.204
586	Wynn	Falkus	wfalkusg9@lycos.com	Female	1.167.154.141
587	Corie	Rudsdale	crudsdalega@networksolutions.com	Female	52.206.41.195
588	Garold	Alforde	galfordegb@meetup.com	Non-binary	79.90.124.89
589	Irvine	Slany	islanygc@ucsd.edu	Male	165.64.5.93
590	Estrella	Laidlaw	elaidlawgd@sbwire.com	Female	249.29.66.33
591	Fletcher	Finnie	ffinniege@barnesandnoble.com	Male	70.160.104.189
592	Rebe	Cosgrive	rcosgrivegf@360.cn	Female	76.46.119.151
593	Dolph	Fleckno	dflecknogg@prlog.org	Male	6.133.177.166
594	Darrel	De Cleyne	ddecleynegh@linkedin.com	Male	8.92.71.24
595	Janetta	Lepard	jlepardgi@rambler.ru	Genderqueer	190.227.201.241
596	Jeanne	Janicijevic	jjanicijevicgj@freewebs.com	Female	199.208.164.112
597	Lindsey	Eminson	leminsongk@issuu.com	Female	84.248.99.59
598	Forrester	Bamb	fbambgl@uol.com.br	Male	214.42.9.59
599	Emlen	Gwillyam	egwillyamgm@seattletimes.com	Male	17.116.1.50
600	Mersey	Maus	mmausgn@cdc.gov	Genderqueer	192.55.155.81
601	Jeannine	Janz	jjanzgo@comsenz.com	Female	141.5.184.97
602	Davita	O'Day	dodaygp@spotify.com	Female	253.1.248.153
603	Ignace	Pyott	ipyottgq@free.fr	Male	182.165.113.187
604	Zedekiah	Gobert	zgobertgr@bing.com	Male	77.144.95.10
605	Andriette	Walkinshaw	awalkinshawgs@ucla.edu	Female	108.183.101.144
606	Vevay	Wheaton	vwheatongt@cdc.gov	Female	186.121.119.51
607	Luce	Colleran	lcollerangu@columbia.edu	Female	36.232.187.155
608	Lotti	Harlick	lharlickgv@hc360.com	Female	203.1.208.211
609	Randi	Mucklo	rmucklogw@wiley.com	Female	135.58.24.8
610	Ludvig	Bowbrick	lbowbrickgx@macromedia.com	Male	37.18.65.228
611	Linette	Aristide	laristidegy@lulu.com	Female	34.213.147.96
612	Lyman	Gong	lgonggz@cmu.edu	Male	244.60.146.10
613	Billye	Couser	bcouserh0@networksolutions.com	Female	95.84.225.252
614	Thacher	Burgane	tburganeh1@shareasale.com	Male	189.120.240.154
615	Laurel	Taylot	ltayloth2@sohu.com	Female	60.99.194.109
616	Miguelita	Acey	maceyh3@squarespace.com	Female	71.224.186.234
617	Kaiser	Dettmar	kdettmarh4@histats.com	Male	116.165.87.103
618	Danni	Carlino	dcarlinoh5@imgur.com	Agender	224.104.227.168
619	Etheline	Faudrie	efaudrieh6@seesaa.net	Non-binary	22.84.69.235
620	Dulcea	Tullett	dtulletth7@dailymotion.com	Female	246.57.185.136
621	Konstance	Foot	kfooth8@dmoz.org	Female	169.249.130.150
622	Kirbee	Scriven	kscrivenh9@acquirethisname.com	Female	0.207.88.23
623	Emelen	Strangman	estrangmanha@google.com.au	Male	59.76.118.183
624	Nelli	Elsdon	nelsdonhb@youtube.com	Female	182.54.40.194
625	Emalia	Dollen	edollenhc@com.com	Female	162.2.252.79
626	Gwendolyn	Swalowe	gswalowehd@ask.com	Female	245.140.54.255
627	Nickolai	Rothera	nrotherahe@elpais.com	Male	188.156.111.193
628	Erina	Scadden	escaddenhf@arstechnica.com	Female	221.145.55.157
629	Berkley	Canning	bcanninghg@usda.gov	Male	107.239.122.143
630	Kiley	Frayn	kfraynhh@trellian.com	Female	209.60.186.154
631	Carrie	Blackett	cblacketthi@pcworld.com	Female	2.23.55.69
632	Sydney	Marquez	smarquezhj@imdb.com	Female	80.11.114.20
633	Ave	Willmont	awillmonthk@yahoo.co.jp	Male	254.243.134.176
634	Melanie	Trundell	mtrundellhl@ovh.net	Female	131.207.5.7
635	Daisie	Morffew	dmorffewhm@icio.us	Female	55.43.12.31
636	Murray	Capenor	mcapenorhn@163.com	Male	196.20.20.238
637	Clareta	Renner	crennerho@pinterest.com	Female	50.101.68.68
638	Rufe	Friday	rfridayhp@harvard.edu	Male	61.230.157.113
639	Cherice	Soltan	csoltanhq@vistaprint.com	Female	209.84.60.127
640	Ric	Vicent	rvicenthr@earthlink.net	Male	185.73.17.180
641	Kristo	Fellon	kfellonhs@nydailynews.com	Male	190.231.135.165
642	Justin	Andrag	jandraght@marketwatch.com	Male	130.209.224.155
643	Thomasa	Clemenzi	tclemenzihu@intel.com	Female	134.50.169.252
644	Peterus	Agutter	pagutterhv@buzzfeed.com	Bigender	18.173.134.23
645	Milo	Carrick	mcarrickhw@amazon.co.uk	Male	130.254.210.37
646	Cristy	Cavaney	ccavaneyhx@friendfeed.com	Female	25.250.5.106
647	See	Joddens	sjoddenshy@springer.com	Male	77.248.222.230
648	Walt	Norbury	wnorburyhz@indiegogo.com	Male	143.189.247.138
649	Iormina	Tubbles	itubblesi0@webnode.com	Female	102.181.92.246
650	Salaidh	Wanell	swanelli1@walmart.com	Female	35.72.104.101
651	Haleigh	Lambie	hlambiei2@fema.gov	Male	78.215.173.136
652	Alene	McEneny	amcenenyi3@example.com	Female	109.147.206.192
653	Bethanne	Gossage	bgossagei4@cpanel.net	Female	157.99.165.94
654	Bran	Flement	bflementi5@parallels.com	Male	179.143.126.101
655	Pammi	Delos	pdelosi6@cbslocal.com	Female	173.116.183.46
656	Clemmie	MacCarrick	cmaccarricki7@ucsd.edu	Male	193.252.189.128
657	Emmery	Denyukhin	edenyukhini8@shop-pro.jp	Male	99.233.53.118
658	Elissa	Walpole	ewalpolei9@forbes.com	Female	232.133.137.42
659	Puff	Stoop	pstoopia@virginia.edu	Male	55.223.117.56
660	Roley	Sedwick	rsedwickib@noaa.gov	Male	207.217.180.77
661	Simeon	Pattingson	spattingsonic@go.com	Male	234.207.122.90
662	Hazlett	Milbank	hmilbankid@java.com	Male	121.184.79.143
663	Ashien	Beazer	abeazerie@fema.gov	Female	1.23.120.144
664	Robbyn	Berling	rberlingif@freewebs.com	Female	197.59.143.102
665	Hugo	Gearty	hgeartyig@edublogs.org	Male	121.20.233.95
666	Valeria	Issac	vissacih@eventbrite.com	Female	170.175.33.165
667	Yurik	Hiddsley	yhiddsleyii@paypal.com	Male	93.191.255.157
668	Austina	Simonson	asimonsonij@blog.com	Female	237.193.251.83
669	Marysa	Haslewood	mhaslewoodik@ustream.tv	Female	111.76.129.146
670	Shay	Buckley	sbuckleyil@umich.edu	Male	239.206.131.31
671	Briny	Frotton	bfrottonim@hp.com	Female	135.168.124.10
672	Hinze	Tinsey	htinseyin@state.tx.us	Male	63.148.188.138
673	Panchito	Clougher	pclougherio@pinterest.com	Male	59.8.41.84
674	Brinn	Bernaert	bbernaertip@umn.edu	Female	164.202.170.145
675	Fanni	Litt	flittiq@samsung.com	Female	72.100.76.147
676	Tarrah	Christer	tchristerir@ted.com	Female	246.50.201.105
677	Arlen	Pindred	apindredis@godaddy.com	Female	103.1.142.203
678	Gusta	Kuschek	gkuschekit@weather.com	Female	199.141.180.45
679	Walther	Gubbin	wgubbiniu@artisteer.com	Male	221.219.182.240
680	Kathleen	Farrear	kfarreariv@webmd.com	Female	95.212.48.41
681	Alejandro	Farnsworth	afarnsworthiw@ihg.com	Male	91.13.219.83
682	Lisha	Gladwin	lgladwinix@bizjournals.com	Female	95.245.155.124
683	Amalea	Aimable	aaimableiy@go.com	Female	227.53.71.79
684	Keir	Leuchars	kleucharsiz@huffingtonpost.com	Male	0.227.54.213
685	Kirsti	Cobbald	kcobbaldj0@slate.com	Female	41.68.213.89
686	Dorothea	Cranney	dcranneyj1@pagesperso-orange.fr	Female	79.181.230.207
687	Tommie	Selman	tselmanj2@theguardian.com	Male	171.154.97.158
688	Billye	Boyda	bboydaj3@dion.ne.jp	Female	87.180.22.244
689	Farica	Arnauduc	farnauducj4@nifty.com	Female	50.176.68.85
690	Hyacinthia	Bresner	hbresnerj5@weebly.com	Genderfluid	24.91.26.206
691	Eugene	Northway	enorthwayj6@baidu.com	Male	216.187.66.100
692	Alex	Darlaston	adarlastonj7@answers.com	Male	20.176.101.207
693	Kenon	Tibalt	ktibaltj8@bluehost.com	Bigender	119.93.206.156
694	Stefan	Zuann	szuannj9@mediafire.com	Male	10.211.147.52
695	Olav	Dufour	odufourja@globo.com	Male	107.89.168.162
696	Laina	Pedron	lpedronjb@state.tx.us	Female	60.24.157.56
697	Tatiana	Mackleden	tmackledenjc@ucla.edu	Female	83.252.191.171
698	Katlin	Hachard	khachardjd@ameblo.jp	Female	194.8.239.240
699	Melinde	Whaites	mwhaitesje@answers.com	Female	24.90.57.114
700	Tybie	Fairbourne	tfairbournejf@ucoz.ru	Female	114.166.205.56
701	Haily	Sire	hsirejg@parallels.com	Male	184.30.98.14
702	Fawne	Nafzger	fnafzgerjh@samsung.com	Female	99.205.130.159
703	Yovonnda	Bellam	ybellamji@sfgate.com	Female	74.8.69.250
704	Joann	Wellings	jwellingsjj@dagondesign.com	Female	127.20.29.69
705	Aprilette	Clibbery	aclibberyjk@wp.com	Female	65.4.206.111
706	Inness	Erwin	ierwinjl@lulu.com	Male	202.148.42.78
707	Norma	Girling	ngirlingjm@google.com.br	Female	253.74.177.237
708	Shanta	Rutherfoord	srutherfoordjn@studiopress.com	Female	125.126.8.102
709	Bealle	Triggol	btriggoljo@homestead.com	Male	65.159.14.88
710	Shepard	Pitkethly	spitkethlyjp@deviantart.com	Male	47.4.180.136
711	Moselle	Steedman	msteedmanjq@1688.com	Female	42.94.197.191
712	Oby	Killich	okillichjr@studiopress.com	Non-binary	154.7.92.72
713	Obadias	Dranfield	odranfieldjs@msn.com	Male	190.101.62.137
714	Victoria	Middlebrook	vmiddlebrookjt@japanpost.jp	Female	94.87.20.65
715	Ursola	d'Arcy	udarcyju@princeton.edu	Non-binary	209.152.5.242
716	Bambi	Shaw	bshawjv@hatena.ne.jp	Female	183.9.227.178
717	Rayner	McClunaghan	rmcclunaghanjw@digg.com	Male	40.30.141.28
718	Tiler	Crinidge	tcrinidgejx@fda.gov	Male	126.23.96.138
719	Bren	Biggerdike	bbiggerdikejy@cmu.edu	Female	32.242.33.131
720	Nils	Phripp	nphrippjz@behance.net	Male	158.255.45.238
721	Adeline	Dudman	adudmank0@huffingtonpost.com	Female	245.179.197.98
722	Garrick	Riddiough	griddioughk1@wikipedia.org	Male	90.3.150.155
723	Sholom	Enston	senstonk2@sakura.ne.jp	Male	230.73.245.6
724	Alexis	Kenton	akentonk3@posterous.com	Male	165.216.45.123
725	Silvan	Rizzo	srizzok4@reddit.com	Male	163.93.63.80
726	Chic	Korneev	ckorneevk5@hud.gov	Male	138.111.214.84
727	Marabel	Woodfield	mwoodfieldk6@webs.com	Female	73.94.157.198
728	Vivyan	Reville	vrevillek7@scientificamerican.com	Agender	152.27.169.181
729	Rozele	Lavrick	rlavrickk8@blogtalkradio.com	Female	14.198.220.172
730	Sadella	Dikles	sdiklesk9@ftc.gov	Female	177.74.14.27
731	Madalyn	Scholling	mschollingka@cpanel.net	Female	11.32.5.214
732	Butch	Lerigo	blerigokb@google.ru	Male	238.3.4.202
733	Alain	Lammin	alamminkc@cbc.ca	Male	215.193.22.103
734	Romain	Kintzel	rkintzelkd@biblegateway.com	Male	221.186.47.5
735	Luella	Andryushchenko	landryushchenkoke@about.com	Female	72.64.51.250
736	Paton	Burchett	pburchettkf@imgur.com	Male	25.61.49.157
737	Kimmie	Edbrooke	kedbrookekg@macromedia.com	Female	76.17.219.32
738	Gregoire	Sandison	gsandisonkh@linkedin.com	Male	114.19.115.144
739	Ines	Pietzke	ipietzkeki@reverbnation.com	Female	139.224.108.247
740	Jodee	Osgarby	josgarbykj@icio.us	Female	238.24.209.29
741	Drucie	Durnall	ddurnallkk@123-reg.co.uk	Female	26.157.20.43
742	Mack	Echallier	mechallierkl@hatena.ne.jp	Bigender	51.32.218.14
743	Phylis	Eadie	peadiekm@epa.gov	Female	78.9.251.30
744	Nelie	Drakeford	ndrakefordkn@meetup.com	Female	16.220.245.221
745	Web	Stallen	wstallenko@princeton.edu	Male	233.43.31.131
746	Arliene	Rowsell	arowsellkp@independent.co.uk	Female	177.0.32.198
747	Wildon	Strephan	wstrephankq@wiley.com	Male	114.200.24.179
748	Mitchell	Dohr	mdohrkr@cloudflare.com	Male	54.20.99.196
749	Judi	Sapsforde	jsapsfordeks@cafepress.com	Female	92.245.54.65
750	Elaina	Gillespie	egillespiekt@google.cn	Female	251.200.118.220
751	Torrence	Rylstone	trylstoneku@google.co.jp	Agender	74.150.1.209
752	Claudelle	Tym	ctymkv@omniture.com	Female	165.226.149.86
753	Guthrey	Libreros	glibreroskw@amazon.co.jp	Male	156.107.248.87
754	Montgomery	Reubel	mreubelkx@sogou.com	Male	197.0.133.117
755	Rochester	Gawith	rgawithky@yellowbook.com	Male	210.159.223.142
756	Josiah	Jossum	jjossumkz@wufoo.com	Male	108.48.10.28
757	Suzie	Yuille	syuillel0@mac.com	Female	219.168.159.20
758	Nataline	Kenewel	nkenewell1@sciencedirect.com	Genderfluid	46.221.193.13
759	Janelle	Synke	jsynkel2@last.fm	Genderqueer	50.230.128.165
760	Dulcie	Maffi	dmaffil3@reverbnation.com	Female	200.96.237.244
761	Susannah	Broomer	sbroomerl4@icio.us	Female	249.4.128.51
762	Felicio	Courtin	fcourtinl5@bloglovin.com	Male	193.5.214.112
763	Alexio	McWard	amcwardl6@t.co	Male	9.128.85.145
764	Marcella	Conboy	mconboyl7@sohu.com	Agender	131.115.216.247
765	Linc	Marioneau	lmarioneaul8@yelp.com	Male	150.239.98.122
766	Creighton	Gunstone	cgunstonel9@miitbeian.gov.cn	Male	180.95.193.136
767	Nadia	Janczak	njanczakla@seesaa.net	Female	248.151.82.255
768	Adrian	Kerrigan	akerriganlb@msn.com	Male	196.12.1.149
769	Jocko	McKeefry	jmckeefrylc@flickr.com	Male	12.127.141.211
770	Sibyl	Ilyuchyov	silyuchyovld@theguardian.com	Female	48.189.123.86
771	Celine	Bernardez	cbernardezle@hugedomains.com	Female	98.232.187.91
772	Hubey	Barsby	hbarsbylf@nydailynews.com	Male	94.124.97.89
773	Merline	Randle	mrandlelg@unblog.fr	Female	115.173.220.219
774	Beniamino	Ropcke	bropckelh@wikipedia.org	Male	1.13.94.208
775	Hamil	Teague	hteagueli@edublogs.org	Male	194.232.59.174
776	Maxie	Mitkov	mmitkovlj@google.es	Female	179.171.194.149
777	Coralie	Glasner	cglasnerlk@sphinn.com	Non-binary	50.238.77.96
778	Christabella	Thurske	cthurskell@soundcloud.com	Female	52.189.96.155
779	Tim	Musk	tmusklm@toplist.cz	Female	37.15.94.84
780	Chip	Itzkovwich	citzkovwichln@indiegogo.com	Male	162.7.169.181
781	Bordie	Rumbellow	brumbellowlo@newsvine.com	Male	201.155.179.181
782	Korey	Spatarul	kspatarullp@gov.uk	Male	249.116.26.127
783	Marta	Terbrug	mterbruglq@netscape.com	Female	162.91.41.121
784	Shara	Marthen	smarthenlr@auda.org.au	Female	130.133.223.10
785	Wes	Ranald	wranaldls@google.es	Male	109.12.156.166
786	Vince	Blaasch	vblaaschlt@bravesites.com	Male	159.152.109.188
787	Nester	Littlechild	nlittlechildlu@harvard.edu	Male	9.245.113.24
788	Dorri	Wordesworth	dwordesworthlv@cpanel.net	Female	167.159.59.212
789	Beverley	Stubley	bstubleylw@elpais.com	Female	205.154.130.6
790	Patty	Bicknell	pbicknelllx@wordpress.com	Female	1.161.173.6
791	Hardy	Aristide	haristidely@cocolog-nifty.com	Male	151.159.238.36
792	Wallie	Crossingham	wcrossinghamlz@reddit.com	Male	74.109.98.27
793	Quintilla	Gudahy	qgudahym0@cnbc.com	Female	107.211.245.221
794	Lu	Mallows	lmallowsm1@github.io	Female	165.122.178.79
795	Blayne	Sangra	bsangram2@earthlink.net	Genderqueer	203.180.121.36
796	Chucho	Garaway	cgarawaym3@google.com.hk	Male	154.207.19.109
797	Opal	Cawsby	ocawsbym4@de.vu	Female	123.103.179.191
798	Sullivan	Hriinchenko	shriinchenkom5@qq.com	Male	21.117.136.226
799	Harlen	Lief	hliefm6@mapquest.com	Male	5.71.60.115
800	Omero	Mouget	omougetm7@jigsy.com	Male	94.36.140.242
801	Yettie	MacFall	ymacfallm8@salon.com	Female	224.220.89.171
802	Colin	Vescovini	cvescovinim9@fda.gov	Male	88.216.196.50
803	Goldarina	Blumer	gblumerma@phoca.cz	Female	166.234.215.47
804	Chrystal	Slide	cslidemb@yahoo.com	Female	252.123.175.138
805	Kristoffer	Torn	ktornmc@xrea.com	Male	36.218.150.244
806	Barnard	Antonioni	bantonionimd@howstuffworks.com	Male	110.70.0.20
807	Ira	Cesaric	icesaricme@w3.org	Female	49.66.174.209
808	Gertie	Errichiello	gerrichiellomf@businessinsider.com	Female	96.215.53.125
809	Koralle	Kenny	kkennymg@indiegogo.com	Female	249.199.159.168
810	Yanaton	Thirkettle	ythirkettlemh@bandcamp.com	Male	244.175.146.231
811	Park	Bidwell	pbidwellmi@seattletimes.com	Genderqueer	59.144.144.29
812	Ailis	Cutbirth	acutbirthmj@etsy.com	Female	211.111.13.64
813	Dela	Rozet	drozetmk@prlog.org	Female	180.26.174.123
814	Natalya	Rowbotham	nrowbothamml@cornell.edu	Female	163.171.50.112
815	Corinna	Pedracci	cpedraccimm@irs.gov	Female	247.89.159.15
816	Ker	Doorly	kdoorlymn@cbslocal.com	Male	52.224.223.32
817	Bogey	Campbell	bcampbellmo@yale.edu	Male	247.197.26.7
818	Katrine	Teece	kteecemp@constantcontact.com	Genderqueer	40.103.65.78
819	Raf	Woolf	rwoolfmq@cocolog-nifty.com	Female	250.215.52.9
820	Aleece	Brigdale	abrigdalemr@barnesandnoble.com	Female	99.183.166.124
821	Mattias	Oades	moadesms@cnet.com	Male	95.30.204.199
822	Alfi	Colqueran	acolqueranmt@hibu.com	Female	167.74.49.93
823	Vikky	Burnhard	vburnhardmu@jiathis.com	Polygender	199.144.133.190
824	Lou	Kehoe	lkehoemv@diigo.com	Polygender	57.35.35.111
825	Zola	Pautot	zpautotmw@hatena.ne.jp	Female	244.12.98.16
826	Chrysa	Predohl	cpredohlmx@sphinn.com	Female	110.65.246.51
827	Paolina	O'Moylane	pomoylanemy@acquirethisname.com	Female	60.45.186.104
828	Bobbi	Chimes	bchimesmz@naver.com	Female	135.174.88.62
829	Reagan	Ship	rshipn0@arizona.edu	Male	216.40.38.211
830	Francisco	Pardew	fpardewn1@slashdot.org	Male	129.110.89.191
831	Fae	Dovidaitis	fdovidaitisn2@webs.com	Female	156.57.120.244
832	Nadine	Brumpton	nbrumptonn3@facebook.com	Female	41.232.137.202
833	David	Broddle	dbroddlen4@cocolog-nifty.com	Male	2.128.247.168
834	Kelsey	Clyma	kclyman5@plala.or.jp	Male	183.156.88.58
835	Lockwood	Larderot	llarderotn6@oaic.gov.au	Male	219.108.140.215
836	Zilvia	Laminman	zlaminmann7@home.pl	Female	204.164.199.114
837	Cele	Eckh	ceckhn8@webnode.com	Female	177.2.158.171
838	Smitty	Ivatt	sivattn9@yahoo.co.jp	Male	253.235.137.26
839	Jayne	Butteris	jbutterisna@bbc.co.uk	Female	219.3.103.154
840	Padriac	Queyeiro	pqueyeironb@quantcast.com	Male	109.120.3.227
841	Ivette	Whapple	iwhapplenc@si.edu	Female	198.46.166.230
842	Nona	Benech	nbenechnd@360.cn	Female	46.11.247.72
843	Nanine	Wiffler	nwifflerne@soundcloud.com	Female	221.194.161.11
844	Crin	Crudgington	ccrudgingtonnf@sciencedirect.com	Female	229.225.68.124
845	Nathaniel	Sweetenham	nsweetenhamng@rambler.ru	Male	68.160.132.59
846	Juliette	Schrir	jschrirnh@archive.org	Female	81.68.183.85
847	Lindsy	O'Neal	lonealni@skyrock.com	Female	70.64.61.204
848	Deanne	Butterfield	dbutterfieldnj@vistaprint.com	Female	219.174.153.23
849	Erek	Kitteringham	ekitteringhamnk@e-recht24.de	Male	95.108.105.216
850	Bennett	Schlagtmans	bschlagtmansnl@domainmarket.com	Genderqueer	250.181.214.128
851	Alix	Shelly	ashellynm@mapquest.com	Female	156.175.206.177
852	Hal	Ambrogi	hambroginn@qq.com	Male	40.93.60.104
853	Madelene	McElrath	mmcelrathno@sfgate.com	Bigender	179.127.13.251
854	Urbanus	Topping	utoppingnp@tumblr.com	Genderfluid	34.182.64.217
855	Pepito	Salandino	psalandinonq@51.la	Male	125.211.228.167
856	Hadrian	Pizzie	hpizzienr@smh.com.au	Non-binary	230.7.140.180
857	Yulma	Crumbie	ycrumbiens@smugmug.com	Male	232.73.191.103
858	Lazarus	Rickasse	lrickassent@wired.com	Male	30.164.189.10
859	Cammi	Confort	cconfortnu@de.vu	Female	39.143.163.113
860	Alister	Cutchey	acutcheynv@rakuten.co.jp	Polygender	94.58.94.124
861	Tabatha	Horning	thorningnw@google.cn	Female	14.14.94.226
862	Berny	Pina	bpinanx@economist.com	Female	29.182.213.16
863	Judith	Skirvin	jskirvinny@acquirethisname.com	Female	205.114.101.28
864	Brynn	Jacobsen	bjacobsennz@biblegateway.com	Female	155.15.36.39
865	Carmelia	McCullouch	cmcculloucho0@angelfire.com	Female	221.211.56.11
866	Shelden	Whatsize	swhatsizeo1@dell.com	Male	42.213.181.130
867	Gonzales	Wawer	gwawero2@cdc.gov	Male	124.79.84.146
868	Maurice	Dutchburn	mdutchburno3@issuu.com	Male	109.21.43.79
869	Tova	Stigers	tstigerso4@yelp.com	Female	106.205.92.16
870	Lynnelle	Cockburn	lcockburno5@hugedomains.com	Female	193.50.153.197
871	Edward	Kivlehan	ekivlehano6@issuu.com	Genderfluid	18.176.49.49
872	Willetta	Coots	wcootso7@gnu.org	Female	235.247.31.157
873	Jimmy	Smeaton	jsmeatono8@list-manage.com	Male	29.55.228.56
874	Maddie	Baudichon	mbaudichono9@china.com.cn	Female	132.217.65.69
875	Danit	O'Doireidh	dodoireidhoa@theglobeandmail.com	Female	185.251.73.137
876	Haley	Chesters	hchestersob@army.mil	Male	158.173.238.182
877	Ariel	Counter	acounteroc@baidu.com	Female	182.190.53.27
878	Shem	Brabyn	sbrabynod@paypal.com	Genderqueer	201.163.191.72
879	Virgina	Kenny	vkennyoe@jiathis.com	Agender	146.212.13.201
880	Gray	Strettle	gstrettleof@cbc.ca	Female	39.29.151.154
881	Roley	Matuszyk	rmatuszykog@goo.ne.jp	Male	197.182.61.158
882	Marcel	Laxon	mlaxonoh@liveinternet.ru	Male	25.16.189.219
883	Luisa	McLellan	lmclellanoi@kickstarter.com	Female	58.37.190.185
884	Carlynne	Bech	cbechoj@clickbank.net	Non-binary	65.111.176.118
885	Melvin	Sciacovelli	msciacovelliok@is.gd	Male	1.41.246.96
886	West	Gallemore	wgallemoreol@symantec.com	Genderqueer	185.233.243.99
887	Mirabella	Mercey	mmerceyom@boston.com	Female	29.183.73.156
888	Marrissa	Loakes	mloakeson@google.de	Female	246.180.181.176
889	Davide	Glasscoe	dglasscoeoo@ed.gov	Male	87.161.79.192
890	Pietrek	Filipic	pfilipicop@tumblr.com	Male	170.111.71.127
891	Marnia	Bauldrey	mbauldreyoq@odnoklassniki.ru	Female	142.241.218.63
892	Rogers	Isgate	risgateor@oakley.com	Agender	109.150.232.158
893	Pia	Bleazard	pbleazardos@lulu.com	Female	0.154.20.41
894	Jillayne	Hansie	jhansieot@oracle.com	Female	78.72.94.16
895	Tasha	Emsley	temsleyou@hp.com	Female	246.43.236.207
896	Donalt	Hintzer	dhintzerov@meetup.com	Male	172.123.160.222
897	Myles	Posse	mposseow@imgur.com	Male	27.52.91.97
898	Hortense	Rimmer	hrimmerox@mail.ru	Female	194.129.177.195
899	Delmar	Worsam	dworsamoy@independent.co.uk	Male	89.51.81.147
900	Felicity	Growden	fgrowdenoz@jigsy.com	Female	30.45.158.242
901	Kane	Hadfield	khadfieldp0@google.ca	Male	121.160.22.118
902	Thurstan	Clevely	tclevelyp1@google.com.hk	Male	39.133.206.223
903	Irita	Hanscombe	ihanscombep2@imdb.com	Female	95.112.213.14
904	Wallie	Peto	wpetop3@feedburner.com	Male	187.104.168.140
905	Merle	Emmanuele	memmanuelep4@bloglovin.com	Male	254.218.255.101
906	Ariel	Wolfart	awolfartp5@berkeley.edu	Female	168.144.208.31
907	Constantine	Riepl	crieplp6@mozilla.com	Female	125.219.221.166
908	Quinn	Brosel	qbroselp7@fastcompany.com	Male	171.51.161.37
909	Elene	Corter	ecorterp8@eepurl.com	Female	17.98.228.251
910	Eward	Brydon	ebrydonp9@wix.com	Male	238.158.195.107
911	Garry	Delamar	gdelamarpa@bravesites.com	Non-binary	126.241.133.90
912	Gretal	Alejandre	galejandrepb@privacy.gov.au	Female	102.226.128.20
913	Karly	Shovelbottom	kshovelbottompc@msu.edu	Non-binary	200.231.191.175
914	Rock	Bliben	rblibenpd@cpanel.net	Male	167.78.164.71
915	Zachery	Oxterby	zoxterbype@sbwire.com	Male	53.115.164.7
916	Barbabra	Goodale	bgoodalepf@irs.gov	Female	41.37.189.8
917	Cheri	Pull	cpullpg@fastcompany.com	Female	200.0.219.65
918	Ivory	Mizzi	imizziph@linkedin.com	Female	180.177.117.34
919	Dulcinea	Trigg	dtriggpi@noaa.gov	Female	3.244.166.248
920	Tabbitha	Bisterfeld	tbisterfeldpj@va.gov	Female	92.252.123.197
921	Bald	Conaboy	bconaboypk@barnesandnoble.com	Male	120.0.192.169
922	Gery	Caffin	gcaffinpl@4shared.com	Genderqueer	117.190.72.31
923	Jodie	Grishagin	jgrishaginpm@xing.com	Male	18.50.114.164
924	Hieronymus	Gerner	hgernerpn@bigcartel.com	Male	67.9.138.137
925	Elwyn	O'Moylane	eomoylanepo@csmonitor.com	Male	205.109.181.2
926	Olympe	Bautiste	obautistepp@biglobe.ne.jp	Female	135.101.55.241
927	Jonie	Linkie	jlinkiepq@cbsnews.com	Genderfluid	240.104.54.30
928	Lyon	Everett	leverettpr@census.gov	Male	26.226.243.50
929	Berky	Novotne	bnovotneps@irs.gov	Male	100.90.103.237
930	Berni	Hamm	bhammpt@soup.io	Female	58.38.51.129
931	Correy	Conahy	cconahypu@mysql.com	Male	237.2.114.237
932	Darda	Shemelt	dshemeltpv@ca.gov	Female	7.171.18.214
933	Tobin	Rosone	trosonepw@taobao.com	Male	224.34.118.198
934	Fairleigh	Brandassi	fbrandassipx@cisco.com	Male	54.220.16.248
935	Madelin	Faivre	mfaivrepy@altervista.org	Female	111.152.154.151
936	Rasla	Yancey	ryanceypz@virginia.edu	Female	207.251.245.11
937	Andrea	Carlucci	acarlucciq0@wunderground.com	Male	219.106.96.104
938	Amerigo	Lieb	aliebq1@zdnet.com	Male	245.85.32.146
939	Norbert	Lyddiatt	nlyddiattq2@weibo.com	Male	127.89.249.2
940	Jereme	Hendron	jhendronq3@weibo.com	Male	164.150.235.162
941	Guss	Goldup	ggoldupq4@earthlink.net	Male	146.19.183.115
942	Cate	Grivori	cgrivoriq5@dmoz.org	Female	209.133.99.163
943	Riannon	Olech	rolechq6@cocolog-nifty.com	Female	74.6.203.106
944	Marline	Churchyard	mchurchyardq7@behance.net	Non-binary	24.20.168.36
945	Trina	Leas	tleasq8@mit.edu	Female	18.172.225.33
946	Donny	Yarham	dyarhamq9@gravatar.com	Male	1.169.82.143
947	Oriana	Wittman	owittmanqa@independent.co.uk	Female	159.102.141.239
948	Tyrone	Hiddersley	thiddersleyqb@businessweek.com	Male	68.4.26.191
949	Standford	Charpin	scharpinqc@vimeo.com	Male	133.27.219.105
950	Staford	McGorman	smcgormanqd@free.fr	Male	239.10.147.89
951	Harriot	Garretson	hgarretsonqe@geocities.com	Female	54.15.199.172
952	Genovera	Strotone	gstrotoneqf@nyu.edu	Female	218.239.91.61
953	Valida	Tolson	vtolsonqg@fastcompany.com	Female	247.74.182.216
954	Lavinia	Russel	lrusselqh@state.tx.us	Female	12.73.93.44
955	Hazel	Maass	hmaassqi@psu.edu	Female	87.115.135.153
956	Paquito	Shyres	pshyresqj@earthlink.net	Genderfluid	74.79.90.11
957	Lenci	Soame	lsoameqk@blogger.com	Male	141.174.2.5
958	Lowrance	Bethell	lbethellql@redcross.org	Male	155.2.211.218
959	Decca	Stanlike	dstanlikeqm@cbslocal.com	Male	15.174.205.137
960	Kalvin	Genney	kgenneyqn@tinyurl.com	Male	46.219.202.233
961	Tobiah	Avey	taveyqo@1und1.de	Male	9.117.131.201
962	Mattheus	MacNeice	mmacneiceqp@delicious.com	Male	114.191.194.45
963	Chris	Sproson	csprosonqq@fastcompany.com	Male	114.208.136.8
964	Glenn	Cotilard	gcotilardqr@google.fr	Male	23.108.6.243
965	Perice	Gariff	pgariffqs@bing.com	Male	210.129.140.11
966	Tallulah	Kershow	tkershowqt@berkeley.edu	Female	6.179.178.245
967	Melisenda	Bootes	mbootesqu@php.net	Female	133.102.97.146
968	Ginni	Doddridge	gdoddridgeqv@slideshare.net	Female	33.172.53.53
969	Malva	Woonton	mwoontonqw@admin.ch	Female	131.218.178.68
970	Wainwright	Hackworth	whackworthqx@oakley.com	Male	221.103.251.18
971	Raddie	Matheson	rmathesonqy@illinois.edu	Male	111.68.237.68
972	Shadow	Althorp	salthorpqz@utexas.edu	Male	37.46.117.31
973	Terrijo	Strase	tstraser0@rediff.com	Female	206.249.27.199
974	Felicio	Dury	fduryr1@nps.gov	Male	12.111.148.179
975	Guillermo	Geoghegan	ggeogheganr2@reuters.com	Male	219.127.135.255
976	Tybalt	Nurdin	tnurdinr3@npr.org	Male	184.95.241.84
977	Cchaddie	McConaghy	cmcconaghyr4@slate.com	Male	6.76.238.254
978	Hyacintha	Caven	hcavenr5@networkadvertising.org	Female	131.92.50.9
979	Andrea	Lacoste	alacoster6@symantec.com	Female	23.49.17.9
980	Barn	Raise	braiser7@taobao.com	Male	148.53.113.121
981	Elianora	Penhall	epenhallr8@simplemachines.org	Female	165.249.49.150
982	Cornelius	Gocke	cgocker9@economist.com	Polygender	213.21.225.175
983	Thatcher	Shrimplin	tshrimplinra@opera.com	Male	146.128.35.37
984	Ivonne	Cowden	icowdenrb@whitehouse.gov	Female	235.186.74.213
985	Paolo	Junkison	pjunkisonrc@bloglovin.com	Male	229.132.143.47
986	Tildi	Bassingden	tbassingdenrd@businesswire.com	Female	115.252.114.41
987	Celene	Priel	cprielre@sogou.com	Bigender	77.157.136.123
988	Emalia	Brophy	ebrophyrf@narod.ru	Female	173.159.107.107
989	Fawne	Connew	fconnewrg@dmoz.org	Female	46.236.119.99
990	Scarlett	Caltera	scalterarh@bing.com	Female	53.241.200.216
991	Nanete	Middlemiss	nmiddlemissri@arstechnica.com	Female	122.184.34.156
992	Jarrid	Hymans	jhymansrj@pbs.org	Male	14.56.88.177
993	Mike	McColm	mmccolmrk@purevolume.com	Male	140.220.166.61
994	Tedmund	Patley	tpatleyrl@kickstarter.com	Male	206.106.245.137
995	Corette	Josey	cjoseyrm@netvibes.com	Female	182.114.188.42
996	Marcos	Chilles	mchillesrn@webeden.co.uk	Male	191.170.216.249
997	Thain	Footer	tfooterro@unc.edu	Male	162.62.106.122
998	Georgianna	Bondley	gbondleyrp@twitpic.com	Female	85.246.234.68
999	Dionne	Raine	drainerq@biblegateway.com	Non-binary	145.2.195.214
1000	Federica	Punt	fpuntrr@princeton.edu	Female	236.218.0.156
